seed,fps,mode,path,outcome,remaining,hp,vehicle,collisions,falls,elapsed
1,30,keyboard,detour,COURS ASSURE,146.02,5,100,0,0,139.27
4301,30,keyboard,detour,COURS ASSURE,146.02,5,100,0,0,139.27
8317,30,keyboard,detour,COURS ASSURE,146.02,5,100,0,0,139.27
123456,30,keyboard,detour,COURS ASSURE,146.02,5,100,0,0,139.27
4294967294,30,keyboard,detour,COURS ASSURE,146.02,5,100,0,0,139.27
1,30,keyboard,shortcut,COURS ASSURE,145.57,4,100,0,0,136.33
4301,30,keyboard,shortcut,COURS ASSURE,145.57,4,100,0,0,136.33
8317,30,keyboard,shortcut,COURS ASSURE,145.57,4,100,0,0,136.33
123456,30,keyboard,shortcut,COURS ASSURE,145.57,4,100,0,0,136.33
4294967294,30,keyboard,shortcut,COURS ASSURE,145.57,4,100,0,0,136.33
1,30,direct,detour,COURS ASSURE,146.10,5,100,0,0,139.2
4301,30,direct,detour,COURS ASSURE,146.10,5,100,0,0,139.2
8317,30,direct,detour,COURS ASSURE,146.10,5,100,0,0,139.2
123456,30,direct,detour,COURS ASSURE,146.10,5,100,0,0,139.2
4294967294,30,direct,detour,COURS ASSURE,146.10,5,100,0,0,139.2
1,30,direct,shortcut,COURS ASSURE,145.70,4,100,0,0,136.2
4301,30,direct,shortcut,COURS ASSURE,145.70,4,100,0,0,136.2
8317,30,direct,shortcut,COURS ASSURE,145.70,4,100,0,0,136.2
123456,30,direct,shortcut,COURS ASSURE,145.70,4,100,0,0,136.2
4294967294,30,direct,shortcut,COURS ASSURE,145.70,4,100,0,0,136.2
1,60,keyboard,detour,COURS ASSURE,146.27,5,100,0,0,138.93
4301,60,keyboard,detour,COURS ASSURE,146.27,5,100,0,0,138.93
8317,60,keyboard,detour,COURS ASSURE,146.27,5,100,0,0,138.93
123456,60,keyboard,detour,COURS ASSURE,146.27,5,100,0,0,138.93
4294967294,60,keyboard,detour,COURS ASSURE,146.27,5,100,0,0,138.93
1,60,keyboard,shortcut,COURS ASSURE,145.83,4,100,0,0,136.02
4301,60,keyboard,shortcut,COURS ASSURE,145.83,4,100,0,0,136.02
8317,60,keyboard,shortcut,COURS ASSURE,145.83,4,100,0,0,136.02
123456,60,keyboard,shortcut,COURS ASSURE,145.83,4,100,0,0,136.02
4294967294,60,keyboard,shortcut,COURS ASSURE,145.83,4,100,0,0,136.02
1,60,direct,detour,COURS ASSURE,146.23,5,100,0,0,138.97
4301,60,direct,detour,COURS ASSURE,146.23,5,100,0,0,138.97
8317,60,direct,detour,COURS ASSURE,146.23,5,100,0,0,138.97
123456,60,direct,detour,COURS ASSURE,146.23,5,100,0,0,138.97
4294967294,60,direct,detour,COURS ASSURE,146.23,5,100,0,0,138.97
1,60,direct,shortcut,COURS ASSURE,145.78,4,100,0,0,136.07
4301,60,direct,shortcut,COURS ASSURE,145.78,4,100,0,0,136.07
8317,60,direct,shortcut,COURS ASSURE,145.78,4,100,0,0,136.07
123456,60,direct,shortcut,COURS ASSURE,145.78,4,100,0,0,136.07
4294967294,60,direct,shortcut,COURS ASSURE,145.78,4,100,0,0,136.07
1,120,keyboard,detour,COURS ASSURE,146.43,5,100,0,0,138.61
4301,120,keyboard,detour,COURS ASSURE,146.43,5,100,0,0,138.61
8317,120,keyboard,detour,COURS ASSURE,146.43,5,100,0,0,138.61
123456,120,keyboard,detour,COURS ASSURE,146.43,5,100,0,0,138.61
4294967294,120,keyboard,detour,COURS ASSURE,146.43,5,100,0,0,138.61
1,120,keyboard,shortcut,COURS ASSURE,145.98,4,100,0,0,135.75
4301,120,keyboard,shortcut,COURS ASSURE,145.98,4,100,0,0,135.75
8317,120,keyboard,shortcut,COURS ASSURE,145.98,4,100,0,0,135.75
123456,120,keyboard,shortcut,COURS ASSURE,145.98,4,100,0,0,135.75
4294967294,120,keyboard,shortcut,COURS ASSURE,145.98,4,100,0,0,135.75
1,120,direct,detour,COURS ASSURE,146.43,5,100,0,0,138.61
4301,120,direct,detour,COURS ASSURE,146.43,5,100,0,0,138.61
8317,120,direct,detour,COURS ASSURE,146.43,5,100,0,0,138.61
123456,120,direct,detour,COURS ASSURE,146.43,5,100,0,0,138.61
4294967294,120,direct,detour,COURS ASSURE,146.43,5,100,0,0,138.61
1,120,direct,shortcut,COURS ASSURE,145.93,4,100,0,0,135.8
4301,120,direct,shortcut,COURS ASSURE,145.93,4,100,0,0,135.8
8317,120,direct,shortcut,COURS ASSURE,145.93,4,100,0,0,135.8
123456,120,direct,shortcut,COURS ASSURE,145.93,4,100,0,0,135.8
4294967294,120,direct,shortcut,COURS ASSURE,145.93,4,100,0,0,135.8
4301,60,keyboard,detour,RETARD SUR LA ROUTE,-0.00,5,100,0,0,254.98
4301,60,keyboard,detour,PANNE DU VEHICULE,195.40,5,0,5,0,59.6
4301,60,direct,detour,RETARD SUR LA ROUTE,-0.00,5,100,0,0,254.98
4301,60,direct,detour,PANNE DU VEHICULE,175.58,5,0,5,0,79.42
4301,60,keyboard,detour,COURS ASSURE,146.65,3,100,0,0,139.28